X Gaze Data, Y Gaze Data, Time 
1290,280,154728431
1289,281,154728442
1289,281,154728453
1282,283,154728464
1279,284,154728475
1278,285,154728489
1278,289,154728498
1273,289,154728509
1264,284,154728520
1259,279,154728531
1258,279,154728542
1255,276,154728554
1252,272,154728565
1253,272,154728575
1290,280,154728431
1289,281,154728442
1289,281,154728453
1282,283,154728464
1279,284,154728475
1278,285,154728489
1278,289,154728498
1273,289,154728509
1264,284,154728520
1259,279,154728531
1258,279,154728542
1255,276,154728554
1252,272,154728565
1253,272,154728575
1253,272,154728595
1252,271,154728598
1252,270,154728608
1253,259,154728621
1253,259,154728630
1252,260,154728642
1252,264,154728653
1253,266,154728664
1255,264,154728675
1255,266,154728688
1255,267,154728699
1255,268,154728709
1256,272,154728720
1259,263,154728735
1259,267,154728745
1257,262,154728754
1253,259,154728764
1253,264,154728774
1253,263,154728787
1251,272,154728797
1252,275,154728808
1252,277,154728820
1252,280,154728830
1253,288,154728842
1254,292,154728854
1256,296,154728863
1258,300,154728875
1259,297,154728887
1267,296,154728897
1269,293,154728909
1272,290,154728924
1269,292,154728938
1264,297,154728944
1257,316,154728953
1290,347,154728964
1309,367,154728975
1397,493,154728988
1402,499,154728997
1410,506,154729009
1424,521,154729021
1428,522,154729030
1441,532,154729043
1441,514,154729056
1442,519,154729064
1444,507,154729104
1447,498,154729108
1449,498,154729111
1449,498,154729115
1447,497,154729120
1447,497,154729130
1448,501,154729141
1448,504,154729153
1447,504,154729164
1447,504,154729174
1445,482,154729186
1445,479,154729197
1445,480,154729208
1442,484,154729219
1442,486,154729230
1440,485,154729241
1440,478,154729253
1440,478,154729264
1444,482,154729274
1444,482,154729286
1445,484,154729297
1444,486,154729308
1444,487,154729320
1447,486,154729333
1456,491,154729342
1465,499,154729353
1479,523,154729367
1488,538,154729376
1487,540,154729386
1488,542,154729397
1492,550,154729408
1494,558,154729419
1493,558,154729430
1496,563,154729441
1500,566,154729453
1495,565,154729463
1443,540,154729474
1335,490,154729486
1243,451,154729497
1187,432,154729508
1079,408,154729519
1075,403,154729532
1062,393,154729542
1030,380,154729553
1035,367,154729563
1039,358,154729575
1045,357,154729586
1045,350,154729597
1055,350,154729608
1064,361,154729619
1064,365,154729630
1060,360,154729641
1060,357,154729653
1062,367,154729663
1065,368,154729675
1066,371,154729686
1065,385,154729696
1048,394,154729708
1047,397,154729719
1049,398,154729730
1055,402,154729740
1060,403,154729753
1082,416,154729763
1086,418,154729775
1081,412,154729786
1088,414,154729796
1084,405,154729807
1086,407,154729821
1084,407,154729830
1090,422,154729840
1091,424,154729852
1101,404,154729863
1099,408,154729874
1100,397,154729886
1102,397,154729896
1105,393,154729907
1106,389,154729919
1098,386,154729929
1100,384,154729942
1100,384,154729953
1097,386,154729963
1093,385,154729974
1088,385,154729986
1083,348,154729997
1082,346,154730008
1083,336,154730019
1080,332,154730029
1079,331,154730041
1085,331,154730052
1081,331,154730067
1090,332,154730077
1156,348,154730086
1270,386,154730096
1308,398,154730107
1375,422,154730119
1393,427,154730130
1435,442,154730140
1486,460,154730152
1606,503,154730162
1662,522,154730174
1674,525,154730185
1679,524,154730196
1688,526,154730207
1707,520,154730219
1721,518,154730230
1725,518,154730241
1733,514,154730252
1736,512,154730263
1736,511,154730274
1741,511,154730286
1751,516,154730296
1761,523,154730307
1764,524,154730319
1783,529,154730330
1773,528,154730340
1780,533,154730352
1791,547,154730364
1807,555,154730374
1810,556,154730386
1824,559,154730396
1828,551,154730407
1832,549,154730419
1836,542,154730430
1838,540,154730440
1845,535,154730452
1844,541,154730463
1836,548,154730474
1772,536,154730486
1668,463,154730500
1636,438,154730507
1621,429,154730518
1608,419,154730530
1515,364,154730540
1441,311,154730553
1404,285,154730562
1393,259,154730574
1391,236,154730586
1396,247,154730596
1386,229,154730607
1387,228,154730622
1386,230,154730632
1385,233,154730640
1379,223,154730652
1379,222,154730662
1376,217,154730673
1375,213,154730685
1374,212,154730696
1373,209,154730708
1374,216,154730719
1375,223,154730729
1377,217,154730740
1389,231,154730752
1395,236,154730762
1404,244,154730773
1426,255,154730785
1428,256,154730795
1430,256,154730807
1454,265,154730818
1503,292,154730829
1773,444,154730840
1779,442,154730853
1841,468,154730863
1859,476,154730876
1888,487,154730886
1913,497,154730896
1958,518,154730906
2022,550,154730918
2080,584,154730929
2132,607,154730939
2126,621,154730951
2131,615,154730962
2133,614,154730973
2133,619,154730984
2138,623,154730998
2138,625,154731006
2143,621,154731018
2148,617,154731029
2151,613,154731041
2174,591,154731051
2174,588,154731062
2174,587,154731073
2172,585,154731085
2174,573,154731097
2175,572,154731109
2180,576,154731119
2166,588,154731129
2166,588,154731139
2167,584,154731151
2168,578,154731162
2153,579,154731172
2123,575,154731184
2095,561,154731195
2074,548,154731206
2041,1102,154731661
2041,1102,154731671
2041,1102,154731683
2153,1083,154731739
2481,1028,154731750
2528,1025,154731763
2558,1042,154731773
2467,1018,154731783
2448,1007,154731796
2457,1005,154731806
2508,973,154731818
2529,947,154731829
2549,922,154731838
2608,929,154731851
2606,933,154731862
2602,936,154731872
2602,953,154731883
2626,969,154731905
2624,950,154731919
2665,992,154731931
2727,1069,154731939
2740,1090,154731951
2792,1093,154731964
2797,1087,154731972
2808,1081,154731984
2837,1027,154731996
2843,1015,154732005
2823,1049,154732017
2758,1028,154732030
2778,1007,154732039
2709,1002,154732050
2747,1074,154732062
2745,1072,154732074
2785,1121,154732087
2792,1108,154732097
2796,1104,154732104
2790,1079,154732118
2886,1106,154732130
2901,1109,154732138
2954,1074,154732151
2985,1041,154732162
2991,1035,154732172
2978,1038,154732184
2965,1044,154732195
2967,1062,154732205
2964,1051,154732217
2967,1062,154732228
2913,1032,154732245
2870,1081,154732262
2892,1088,154732271
2910,1093,154732283
3066,975,154732295
3070,970,154732304
3046,981,154732317
3073,1035,154732328
3098,1050,154732338
3094,1047,154732350
3006,959,154732384
3047,990,154732394
3027,978,154732405
3001,958,154732417
2969,942,154732427
2934,924,154732438
2936,1178,154732617
2936,1178,154732628
2936,1178,154732638
2941,1140,154732684
2958,1012,154732694
2964,966,154732704
2966,959,154732718
3005,979,154732728
3007,977,154732739
3007,983,154732750
3005,1013,154732761
3004,1030,154732771
3003,1071,154732784
2964,1063,154732794
2946,1060,154732804
2953,1073,154732817
2965,1063,154732828
2966,1062,154732838
2970,1095,154732851
2979,1135,154732861
2981,1141,154732871
2980,1141,154732884
2958,1135,154732894
2941,1132,154732904
2934,1151,154732928
2763,1149,154732937
2562,1114,154732950
2095,940,154732961
1945,862,154732971
1895,847,154732983
1886,844,154732994
1873,845,154733004
1867,832,154733017
1860,823,154733028
1859,818,154733037
1852,828,154733050
1870,833,154733061
1878,820,154733074
1881,815,154733084
1879,843,154733094
1879,856,154733108
1878,857,154733117
1874,862,154733133
1865,856,154733142
1858,864,154733154
1859,862,154733161
1861,862,154733171
1860,849,154733183
1856,843,154733194
1859,834,154733206
1859,834,154733216
1857,833,154733227
1843,831,154733237
1836,831,154733250
1842,836,154733261
1844,837,154733272
1827,836,154733283
1820,834,154733294
1809,837,154733307
1814,838,154733319
1825,839,154733328
1837,840,154733339
1875,836,154733353
1545,890,154733361
1530,893,154733371
1435,921,154733383
1380,979,154733394
1369,983,154733404
1223,1035,154733417
1212,1041,154733427
1205,1045,154733437
1208,1092,154733450
1205,1095,154733460
1209,1101,154733471
1234,1138,154733483
1225,1128,154733494
1227,1129,154733504
1218,1130,154733516
1217,1143,154733528
1230,1144,154733538
1250,1141,154733550
1270,1139,154733561
1295,1135,154733570
1301,1179,154733583
1302,1185,154733595
1303,1188,154733604
1259,1170,154733617
1258,1169,154733627
1273,1165,154733638
1260,1166,154733650
1257,1167,154733660
1259,1168,154733671
1251,1176,154733683
1234,1187,154733694
1231,1189,154733704
1230,1193,154733716
1233,1199,154733729
1238,1205,154733741
1320,1212,154733749
1612,1206,154733767
1935,1217,154733771
2149,1278,154733785
2923,1414,154733860
2990,1429,154733870
2989,1423,154733883
2785,1222,154733893
2783,1220,154733903
2925,1247,154733927
2941,1252,154733937
2969,1259,154733949
2990,1279,154733960
2992,1277,154733970
2998,1284,154733982
3000,1285,154733995
3008,1279,154734004
3045,1233,154734015
3040,1241,154734027
3042,1240,154734037
3044,1238,154734049
3045,1233,154734060
3027,1243,154734072
3004,1248,154734083
2989,1239,154734094
2893,1181,154734103
2899,1157,154734115
2912,1205,154734127
2917,1217,154734137
2860,1232,154734150
2850,1232,154734160
2845,1237,154734170
2828,1203,154734182
2789,1172,154734202
2783,1167,154734208
2953,1197,154734260
2956,1198,154734270
2929,1179,154734282
2905,1179,154734293
2889,1174,154734303
2715,1039,154734316
2710,1044,154734327
2705,1047,154734336
2728,1038,154734348
2159,647,154734515
2159,647,154734526
2159,647,154734536
2101,639,154734559
1854,607,154734569
1763,533,154734582
1580,280,154734593
1570,264,154734604
1569,264,154734616
1561,257,154734626
1553,251,154734636
1494,245,154734654
1498,245,154734664
1494,242,154734671
1473,238,154734683
1464,246,154734696
1468,243,154734704
1456,246,154734717
1454,246,154734727
1449,247,154734736
1448,247,154734751
1443,243,154734760
1437,238,154734771
1437,237,154734783
1437,236,154734794
1434,238,154734804
1427,241,154734819
1423,245,154734827
1414,245,154734836
1414,242,154734849
1412,241,154734859
1407,253,154734870
1412,276,154734887
1413,279,154734894
1408,278,154734905
1410,270,154734916
1409,272,154734928
1408,269,154734937
1407,269,154734949
1407,268,154734959
1410,270,154734970
1416,258,154734982
1417,257,154734993
1417,253,154735003
1402,259,154735015
1404,259,154735026
1411,258,154735036
1408,252,154735049
1426,263,154735059
1479,296,154735069
1607,370,154735090
2127,492,154735100
2156,487,154735106
2162,485,154735117
2169,476,154735127
2191,490,154735139
2205,480,154735149
2213,463,154735159
2234,459,154735169
2235,452,154735192
2244,461,154735202
2242,457,154735215
2252,491,154735226
2248,488,154735236
2244,489,154735249
2245,487,154735259
2243,494,154735269
2242,493,154735281
2243,494,154735292
2243,493,154735302
2243,481,154735314
2244,481,154735326
2086,471,154735336
1981,457,154735348
1395,375,154735359
1374,372,154735369
1333,370,154735381
1306,369,154735392
1287,368,154735403
1270,374,154735419
1273,371,154735427
1271,370,154735435
1265,363,154735448
1252,363,154735459
1252,363,154735469
1255,360,154735481
1254,359,154735492
1253,359,154735502
1249,365,154735514
1251,364,154735526
1250,364,154735536
1248,365,154735548
1245,366,154735559
1243,363,154735569
1229,348,154735581
1226,342,154735592
1229,342,154735603
1237,342,154735618
1246,341,154735626
1340,332,154735635
1623,334,154735649
1707,372,154735659
1708,374,154735669
1708,376,154735684
1715,378,154735693
1713,379,154735703
1699,386,154735715
1672,397,154735725
1672,401,154735735
1668,406,154735748
1659,399,154735759
1584,368,154735770
1594,377,154735781
1427,285,154735792
1387,263,154735802
1353,243,154735814
1306,210,154735825
1280,185,154735839
1263,170,154735849
1243,153,154735859
1233,146,154735869
1194,109,154735894
1190,102,154735899
1182,87,154735904
1173,88,154735915
1171,86,154735927
1164,77,154735936
1155,75,154735948
1154,76,154735959
1150,77,154735969
1140,78,154735981
1137,78,154735992
1127,87,154736002
1128,89,154736015
1126,94,154736025
1135,91,154736036
1140,89,154736048
1139,89,154736063
1130,94,154736070
1124,97,154736081
1124,98,154736092
1137,91,154736102
1159,90,154736115
1165,90,154736128
1166,90,154736135
1162,89,154736148
1178,110,154736159
1182,117,154736169
1192,124,154736180
1261,59,154736192
1265,56,154736202
1260,71,154736214
1239,115,154736225
1180,224,154736235
1186,229,154736358
1186,229,154736368
1210,196,154736381
1253,152,154736392
1286,130,154736402
1329,87,154736414
1328,102,154736426
1335,99,154736436
1333,105,154736451
1317,107,154736461
1313,108,154736469
1298,127,154736480
1286,138,154736499
1295,138,154736514
1304,140,154736518
1313,135,154736525
1311,134,154736536
1312,135,154736548
1316,133,154736558
1316,133,154736569
1308,132,154736581
1312,131,154736592
1267,133,154736602
1259,133,154736615
1256,133,154736625
1246,134,154736635
1233,134,154736647
1213,149,154736659
1214,161,154736669
1225,168,154736681
1243,171,154736693
1245,172,154736706
1245,171,154736714
1231,157,154736724
1229,154,154736735
1220,157,154736748
1225,158,154736758
1222,155,154736769
1205,155,154736781
1189,151,154736791
1195,152,154736801
1194,152,154736814
1206,148,154736824
1204,149,154736835
1205,143,154736848
1206,141,154736858
1217,140,154736869
1251,140,154736881
1253,140,154736892
1246,136,154736905
1251,133,154736914
1258,133,154736926
1272,136,154736935
1277,138,154736947
1294,137,154736958
1299,136,154736968
1298,137,154736981
1296,142,154736991
1299,142,154737003
1289,138,154737015
1288,137,154737025
1284,136,154737035
1283,142,154737048
1267,142,154737058
1214,143,154737068
1178,141,154737080
1039,165,154737090
903,189,154737101
1223,227,154737881
1299,272,154737892
1299,272,154737902
1297,274,154737914
1272,260,154737924
1261,254,154737935
1289,294,154737958
1288,293,154737969
1289,295,154737981
1234,229,154738014
1244,242,154738024
1231,224,154738035
1224,223,154738048
1213,223,154738058
1201,218,154738069
1190,230,154738083
1192,225,154738096
1190,232,154738103
1412,247,154738691
1412,247,154738701
1412,247,154738713
1397,225,154738780
1360,169,154738790
1345,147,154738802
1338,136,154738814
1320,118,154738825
1313,109,154738835
1305,110,154738848
1298,108,154738858
1299,108,154738869
1300,108,154738881
1299,108,154738891
1298,107,154738901
1299,107,154738913
1306,104,154738924
1312,91,154738935
1319,71,154738947
1327,81,154738958
1326,87,154738968
1326,92,154738980
1321,91,154738990
1317,89,154739001
1303,80,154739014
1302,74,154739024
1296,59,154739035
1293,23,154739047
1311,-46,154739058
1312,-48,154739068
1317,-41,154739081
1327,-30,154739090
1334,-28,154739101
1341,-26,154739114
1377,-27,154739124
1383,-27,154739134
1431,-45,154739147
1440,-45,154739157
1441,-45,154739167
1445,-45,154739180
1438,-30,154739190
1438,-30,154739201
1440,-28,154739214
1441,-29,154739223
1441,-30,154739234
1441,-31,154739248
1440,-27,154739258
1437,-21,154739267
1437,-21,154739280
1432,-3,154739290
1439,-4,154739301
1447,63,154739347
1452,68,154739357
1453,69,154739367
1459,79,154739381
1465,97,154739390
1465,100,154739401
1466,100,154739414
1497,65,154739423
1512,48,154739435
1523,33,154739447
1526,31,154739456
1528,30,154739467
1534,26,154739480
1591,26,154739490
1597,25,154739500
1569,19,154739514
1599,1,154739523
1604,-1,154739533
1618,5,154739547
1618,19,154739557
1619,22,154739567
1616,24,154739580
1597,42,154739590
1588,51,154739600
1589,55,154739613
1581,65,154739623
1580,66,154739633
1579,63,154739648
1512,-3,154739691
1511,-5,154739700
1508,-7,154739713
1507,-3,154739723
1507,-1,154739733
1506,11,154739746
1502,66,154739756
1499,73,154739767
1506,68,154739780
1510,64,154739789
1519,63,154739800
1528,54,154739813
1526,51,154739823
1526,49,154739834
1532,40,154739847
1535,34,154739857
1536,34,154739868
1536,35,154739882
1536,33,154739893
1535,31,154739903
1531,32,154739914
1534,31,154739922
1525,30,154739936
1525,30,154739947
1523,30,154739956
1517,37,154739967
1524,28,154739980
1528,27,154739990
1533,28,154740000
1585,47,154740013
1592,51,154740023
1598,58,154740034
1609,70,154740046
1617,74,154740056
1618,73,154740069
1618,66,154740080
1617,67,154740092
1618,63,154740102
1623,66,154740113
1628,63,154740123
1630,59,154740134
1628,65,154740147
1632,73,154740156
1634,63,154740167
1637,67,154740180
1637,70,154740190
1638,77,154740200
1634,74,154740213
1633,74,154740223
1632,74,154740233
1628,78,154740247
1371,107,154740256
1342,110,154740267
1233,136,154740280
1216,138,154740289
1207,139,154740300
1193,141,154740314
1179,145,154740324
1172,147,154740337
1184,148,154740347
1181,142,154740355
1181,142,154740367
1183,142,154740380
1209,177,154740389
1208,177,154740401
1210,173,154740414
1204,168,154740423
1203,167,154740433
1199,167,154740447
1193,163,154740456
1187,154,154740467
1173,146,154740480
1163,133,154740489
1160,137,154740500
1160,132,154740514
1157,135,154740527
1158,133,154740534
1160,138,154740547
1156,139,154740556
1157,141,154740567
1155,140,154740582
1152,128,154740589
1153,125,154740600
1155,124,154740613
1157,127,154740622
1158,121,154740634
1166,112,154740647
1193,109,154740656
1280,121,154740667
1287,120,154740680
1290,120,154740689
1289,120,154740700
1263,125,154740713
1262,125,154740726
1265,127,154740734
1265,120,154740749
1245,114,154740756
1226,87,154740767
1230,81,154740780
1232,72,154740788
1231,74,154740800
1231,76,154740813
1226,81,154740822
1220,87,154740833
1357,93,154740946
1363,76,154740956
1363,76,154740966
1361,76,154740980
1356,78,154740994
1341,83,154741000
1344,82,154741013
1327,119,154741022
1327,122,154741033
1317,119,154741046
1318,111,154741056
1323,100,154741066
1333,74,154741102
1333,72,154741112
1332,71,154741118
1334,67,154741127
1340,49,154741130
1340,47,154741135
1343,41,154741147
1351,32,154741156
1354,32,154741167
1364,24,154741179
1372,27,154741189
1380,29,154741199
1437,65,154741214
1453,71,154741222
1456,75,154741234
1456,92,154741246
1462,90,154741256
1459,91,154741267
1461,91,154741280
1459,96,154741289
1445,129,154741299
1442,140,154741313
1443,143,154741322
1445,144,154741334
1450,150,154741346
1452,151,154741355
1453,153,154741367
1451,153,154741381
1460,144,154741389
1485,129,154741401
1479,136,154741414
1479,136,154741423
1479,132,154741438
1482,131,154741446
1566,117,154741456
1572,116,154741466
1578,120,154741479
1579,121,154741488
1591,131,154741500
1598,127,154741512
1600,124,154741522
1604,112,154741533
1601,103,154741546
1600,101,154741555
1594,95,154741567
1589,95,154741579
1586,95,154741588
1584,100,154741599
1585,107,154741613
1582,112,154741622
1575,122,154741636
1572,136,154741649
1566,144,154741656
1559,165,154741671
1558,167,154741682
1560,168,154741690
1561,169,154741699
1572,169,154741712
1435,185,154741722
1381,188,154741733
1249,158,154741746
1232,156,154741755
1219,153,154741766
1186,150,154741779
1179,148,154741788
1173,149,154741799
1164,158,154741812
1164,160,154741822
1163,157,154741832
1164,157,154741846
1168,156,154741860
1169,154,154741866
1168,152,154741879
1159,137,154741888
1160,143,154741899
1163,137,154741912
1167,125,154741922
1168,124,154741932
1168,124,154741946
1166,132,154741954
1166,133,154741965
1163,138,154741979
1159,153,154741991
1158,155,154741999
1147,178,154742012
1135,198,154742021
1134,200,154742032
1136,196,154742046
1147,164,154742058
1149,158,154742066
1150,158,154742079
1220,145,154742088
1231,142,154742099
1244,130,154742112
1297,36,154742121
1302,50,154742133
1301,51,154742145
1301,53,154742154
1289,103,154742165
1286,103,154742179
1284,102,154742187
1283,100,154742199
1274,117,154742212
1268,135,154742221
1271,118,154742232
1288,90,154742245
1288,90,154742255
1287,91,154742265
1287,93,154742279
1286,92,154742288
1287,88,154742299
1298,72,154742311
1370,57,154742321
1373,57,154742332
1359,54,154742345
1357,60,154742355
1359,63,154742365
1384,76,154742378
1392,85,154742387
1392,86,154742402
1388,90,154742411
1384,95,154742422
1385,93,154742432
1395,81,154742445
1401,73,154742455
1402,69,154742469
1466,66,154742479
1581,61,154742488
1576,70,154742499
1582,80,154742512
1574,92,154742521
1577,90,154742532
1580,83,154742545
1585,81,154742554
1585,85,154742565
1581,67,154742578
1572,71,154742588
1572,64,154742598
1583,45,154742611
1589,43,154742621
1592,41,154742631
1591,41,154742645
1588,55,154742654
1587,61,154742665
1586,68,154742678
1590,71,154742691
1590,71,154742698
1588,86,154742712
1574,116,154742721
1569,125,154742732
1570,123,154742745
1568,98,154742754
1562,107,154742766
1561,111,154742779
1559,117,154742788
1556,130,154742798
1554,135,154742811
1567,119,154742821
1571,114,154742832
1562,134,154742845
1529,143,154742854
1504,149,154742864
1370,138,154742878
1280,175,154742887
1241,187,154742899
1188,209,154742911
1147,224,154742921
1130,231,154742931
1123,235,154742945
1122,236,154742955
1121,237,154742965
1119,236,154742978
1119,210,154742988
1120,202,154742998
1121,192,154743012
1121,203,154743020
1121,204,154743032
1122,198,154743045
1137,140,154743054
1137,139,154743065
1137,138,154743078
1142,115,154743087
1142,115,154743098
1143,113,154743111
1143,128,154743121
1144,130,154743133
1145,194,154743145
1147,201,154743154
1147,202,154743165
1149,203,154743178
1150,208,154743188
1150,209,154743198
1151,208,154743211
1176,175,154743345
1176,175,154743358
1176,177,154743368
1176,177,154743378
1232,159,154743388
1260,143,154743398
1254,141,154743411
1254,141,154743420
1247,141,154743432
1241,139,154743445
1241,137,154743454
1242,135,154743465
1227,130,154743478
1223,124,154743486
1222,122,154743498
1222,122,154743511
1242,120,154743520
1256,121,154743531
1259,122,154743544
1299,97,154743553
1302,96,154743566
1349,61,154743577
1358,53,154743587
1361,51,154743598
1361,50,154743611
1362,48,154743620
1366,41,154743631
1365,41,154743644
1366,33,154743652
1369,28,154743664
1366,29,154743678
1351,50,154743687
1349,52,154743697
1355,66,154743711
1356,69,154743721
1357,71,154743731
1348,71,154743743
1473,53,154743877
1473,53,154743886
1473,53,154743897
1473,49,154743910
1477,36,154743920
1476,39,154743930
1476,38,154743944
1473,30,154743954
1473,29,154743965
1473,19,154743978
1472,11,154743994
1470,11,154743998
1471,11,154744010
1465,49,154744020
1465,53,154744030
1464,30,154744044
1447,46,154744053
1445,46,154744063
1438,62,154744092
1443,59,154744096
1447,56,154744101
1448,55,154744110
1426,93,154744120
1421,100,154744130
1430,114,154744143
1437,128,154744152
1441,133,154744163
1442,133,154744177
1443,120,154744188
1444,108,154744197
1453,98,154744211
1466,87,154744220
1475,82,154744230
1474,83,154744244
1469,93,154744253
1446,119,154744263
1434,119,154744277
1435,117,154744286
1435,116,154744297
1428,127,154744310
1456,129,154744319
1452,127,154744330
1500,135,154744343
1501,135,154744353
1515,131,154744363
1528,145,154744376
1535,150,154744392
1536,151,154744397
1547,153,154744409
1551,146,154744419
1551,145,154744430
1555,144,154744443
1558,151,154744452
1558,151,154744463
1558,149,154744476
1555,155,154744485
1555,156,154744496
1556,158,154744509
1576,168,154744519
1580,170,154744530
1592,180,154744542
1596,184,154744552
1596,186,154744563
1366,244,154744642
1252,252,154744652
1192,257,154744662
1189,254,154744675
1174,243,154744684
1167,238,154744696
1488,119,154745574
1488,119,154745585
1488,119,154745595
1481,122,154745609
1450,138,154745621
1434,146,154745632
1402,176,154745647
1404,174,154745651
1406,173,154745662
1405,173,154745675
1416,167,154745684
1427,161,154745696
1424,163,154745709
1432,163,154745718
1433,163,154745729
1446,156,154745741
1530,153,154745751
1539,152,154745762
1559,150,154745775
1560,149,154745785
1561,149,154745795
1578,148,154745808
1582,156,154745818
1582,156,154745829
1572,149,154745841
1553,162,154745854
1552,162,154745864
1551,165,154745875
1574,202,154746008
1574,202,154746018
1574,202,154746029
1575,196,154746044
1586,153,154746052
1587,148,154746062
1586,145,154746075
1585,142,154746084
1585,141,154746095
1586,142,154746109
1596,157,154746118
1598,160,154746129
1591,151,154746142
1604,163,154746151
1605,164,154746162
1608,172,154746176
1486,195,154746185
1482,196,154746196
1456,203,154746209
1435,206,154746218
1434,206,154746229
1432,210,154746242
1429,210,154746251
1427,210,154746265
1424,201,154746277
1422,199,154746289
1422,199,154746296
1419,195,154746309
1410,215,154746318
1409,218,154746329
1395,248,154746342
1388,282,154746351
1387,283,154746362
1384,295,154746376
1412,273,154746384
1417,269,154746395
1417,268,154746409
1418,258,154746417
1418,247,154746429
1422,217,154746442
1483,196,154746451
1501,191,154746463
1529,169,154746475
1552,135,154746494
1555,131,154746499
1571,121,154746509
1575,125,154746518
1578,125,154746528
1578,122,154746542
1571,128,154746551
1568,130,154746562
1566,133,154746575
1565,144,154746585
1565,144,154746595
1565,151,154746608
1568,149,154746617
1568,148,154746628
1569,147,154746641
1559,149,154746651
1559,149,154746662
1550,148,154746678
1550,146,154746688
1550,146,154746696
1551,138,154746712
1552,136,154746721
1552,136,154746728
1556,137,154746742
1557,137,154746751
1559,137,154746762
1559,138,154746775
1560,140,154746784
1560,140,154746795
1561,141,154746808
1563,142,154746817
1563,139,154746829
1562,135,154746841
1557,133,154746851
1555,132,154746862
1551,111,154746875
1549,122,154746884
1548,128,154746896
1537,151,154746909
1541,200,154746918
1541,201,154746928
1529,211,154746942
1552,214,154746952
1561,214,154746962
1641,203,154746975
1649,202,154746984
1652,202,154746995
1664,200,154747009
1684,198,154747018
1685,198,154747028
1685,197,154747042
1684,196,154747051
1684,196,154747062
1685,196,154747076
1690,187,154747104
1691,186,154747114
1700,184,154747117
1619,177,154747122
1544,170,154747128
1414,169,154747142
1338,170,154747152
1274,171,154747161
1142,185,154747175
1106,191,154747184
1085,195,154747195
1066,212,154747208
1066,214,154747217
1064,215,154747228
1064,217,154747241
1103,154,154747251
1104,152,154747261
1110,140,154747275
1078,123,154747284
1078,122,154747295
1078,115,154747308
1081,112,154747317
1081,112,154747328
1086,102,154747374
1164,90,154747383
1207,83,154747394
1230,83,154747408
1264,90,154747417
1266,94,154747428
1250,104,154747441
1258,108,154747451
1259,110,154747461
1256,119,154747475
1246,127,154747484
1246,128,154747495
1246,128,154747507
1530,161,154750245
1525,176,154750260
1525,176,154750266
1526,177,154750279
1543,208,154750288
1540,203,154750299
1554,216,154750312
1557,217,154750321
1559,216,154750332
1552,213,154750345
1539,216,154750354
1538,216,154750366
1537,216,154750379
1496,218,154750388
1494,218,154750399
1493,219,154750412
1509,222,154750421
1511,223,154750432
1517,226,154750445
1527,238,154750455
1528,240,154750465
1525,244,154750479
1524,246,154750487
1523,246,154750499
1529,239,154750512
1522,237,154750521
1522,237,154750532
1520,239,154750545
1505,235,154750554
1504,234,154750565
1504,235,154750579
1490,235,154750588
1488,235,154750599
1482,236,154750612
1488,231,154750621
1491,229,154750632
1474,231,154750646
1430,227,154750654
1410,227,154750665
1371,224,154750679
1237,250,154750688
1231,251,154750700
1172,232,154750712
1170,231,154750721
1165,251,154750732
1152,255,154750745
1146,260,154750755
1145,259,154750765
1142,252,154750779
1139,247,154750788
1138,246,154750799
1133,246,154750812
1117,250,154750821
1114,250,154750832
1114,250,154750846
1113,249,154750854
1115,249,154750866
1113,252,154750879
1119,263,154750888
1121,269,154750905
1125,267,154750912
1126,268,154750921
1127,268,154750932
1128,267,154750945
1132,266,154750955
1135,265,154750965
1136,265,154750978
1114,257,154750988
1118,253,154750999
1121,248,154751012
1125,247,154751021
1128,246,154751032
1135,248,154751045
1194,216,154751055
1196,215,154751065
1193,216,154751078
1197,218,154751087
1201,217,154751098
1201,236,154751112
1203,239,154751120
1201,245,154751132
1194,255,154751145
1217,258,154751154
1219,257,154751165
1212,261,154751178
1211,260,154751187
1210,260,154751198
1210,254,154751212
1152,307,154751221
1142,315,154751232
1124,331,154751243
1294,194,154751344
1294,194,154751358
1294,194,154751365
1289,199,154751378
1261,224,154751387
1247,238,154751398
1246,232,154751411
1245,223,154751420
1245,217,154751431
1253,217,154751445
1293,235,154751454
1294,231,154751465
1298,234,154751478
1299,235,154751487
1296,253,154751498
1294,258,154751511
1290,169,154751520
1290,166,154751536
1299,159,154751544
1341,147,154751554
1334,148,154751564
1347,140,154751578
1342,146,154751587
1343,146,154751598
1320,184,154751611
1321,197,154751620
1321,199,154751631
1328,200,154751644
1332,203,154751654
1332,203,154751665
1333,206,154751678
1346,178,154751687
1348,174,154751698
1354,166,154751711
1355,164,154751720
1357,162,154751732
1372,129,154751748
1369,131,154751754
1366,136,154751767
1355,151,154751777
1440,180,154751789
1452,189,154751800
1458,201,154751811
1458,204,154751820
1458,207,154751832
1456,198,154751844
1451,191,154751854
1451,188,154751866
1452,199,154751878
1443,195,154751887
1436,186,154751898
1441,190,154751911
1442,189,154751920
1441,186,154751931
1440,185,154751945
1455,221,154751953
1462,229,154751965
1466,229,154751978
1450,222,154751986
1444,220,154751997
1447,221,154752011
1456,214,154752020
1464,209,154752031
1467,205,154752044
1529,130,154752053
1529,129,154752065
1530,134,154752078
1556,130,154752087
1558,129,154752098
1552,129,154752111
1550,142,154752119
1551,146,154752131
1552,174,154752144
1545,191,154752153
1545,193,154752164
1539,191,154752178
1538,203,154752186
1536,202,154752197
1539,205,154752210
1539,194,154752220
1544,185,154752231
1534,173,154752244
1524,211,154752253
1523,214,154752264
1512,230,154752277
1509,221,154752286
1509,221,154752298
1506,221,154752311
1503,224,154752320
1503,225,154752331
1501,227,154752344
1520,237,154752353
1520,238,154752364
1514,230,154752377
1542,237,154752387
1547,237,154752399
1573,247,154752410
1597,253,154752419
1602,255,154752430
1608,257,154752443
1621,244,154752453
1626,233,154752464
1626,235,154752477
1613,248,154752486
1610,251,154752497
1617,249,154752510
1634,247,154752519
1636,247,154752530
1631,254,154752543
1631,256,154752553
1631,256,154752564
1630,265,154752577
1627,268,154752586
1626,268,154752597
1618,271,154752611
1617,273,154752620
1616,273,154752630
1611,277,154752643
1573,277,154752653
1515,274,154752664
1482,271,154752677
1432,278,154752686
1310,307,154752697
1163,309,154752710
1155,311,154752719
1147,311,154752730
1156,318,154752744
1139,323,154752753
1096,334,154752764
1093,337,154752777
1087,335,154752786
1087,326,154752797
1089,323,154752810
1080,321,154752823
1083,320,154752830
1085,319,154752844
1056,292,154752853
1055,291,154752865
1054,290,154752877
1077,296,154752886
1088,297,154752897
1104,289,154752910
1106,283,154752919
1105,282,154752930
1104,282,154752943
1095,285,154752953
1092,286,154752963
1072,285,154752977
1063,278,154752985
1061,279,154752996
1053,274,154753010
1030,294,154753019
1030,295,154753031
1029,294,154753044
1043,290,154753054
1049,288,154753063
1049,287,154753107
1050,286,154753111
1049,285,154753115
1070,279,154753119
1109,264,154753128
1112,263,154753135
1122,264,154753144
1128,270,154753153
1130,272,154753163
1131,270,154753177
1166,249,154753185
1167,249,154753196
1167,250,154753210
1175,253,154753222
1178,254,154753230
1179,254,154753243
1182,256,154753254
1311,154,154753376
1311,154,154753385
1311,154,154753396
1309,153,154753410
1304,153,154753419
1301,153,154753430
1298,152,154753443
1292,171,154753458
1289,180,154753463
1280,198,154753476
1273,206,154753485
1266,214,154753497
1245,233,154753510
1249,246,154753519
1249,250,154753530
1245,240,154753543
1249,263,154753552
1249,263,154753563
1247,254,154753577
1247,255,154753586
1247,254,154753597
1257,255,154753609
1256,246,154753619
1256,243,154753630
1253,240,154753643
1248,238,154753652
1246,239,154753663
1239,257,154753677
1240,259,154753686
1240,260,154753696
1237,244,154753710
1280,253,154753719
1286,254,154753730
1335,272,154753743
1363,276,154753754
1366,277,154753763
1369,277,154753776
1368,275,154753786
1369,275,154753796
1367,270,154753810
1364,276,154753818
1364,277,154753830
1363,275,154753843
1362,273,154753856
1362,271,154753863
1363,272,154753876
1371,261,154753890
1377,253,154753899
1371,257,154753910
1460,229,154753919
1468,227,154753929
1483,223,154753943
1480,224,154753952
1486,224,154753963
1490,224,154753976
1508,217,154753985
1500,215,154753996
1498,215,154754010
1493,218,154754018
1487,221,154754030
1502,214,154754043
1504,213,154754052
1505,213,154754063
1500,206,154754076
1497,212,154754086
1499,214,154754096
1496,209,154754110
1493,201,154754119
1494,202,154754130
1496,203,154754143
1496,209,154754152
1494,223,154754163
1494,227,154754176
1533,246,154754186
1535,247,154754196
1541,252,154754210
1558,260,154754219
1588,260,154754230
1590,260,154754243
1592,261,154754252
1603,273,154754263
1602,273,154754277
1602,277,154754286
1597,280,154754296
1592,282,154754309
1588,276,154754320
1584,275,154754330
1557,271,154754343
1531,257,154754353
1519,251,154754363
1512,238,154754376
1512,236,154754385
1512,235,154754396
1515,230,154754410
1524,238,154754419
1525,238,154754429
1528,249,154754443
1536,258,154754452
1537,259,154754462
1535,258,154754475
1558,232,154754485
1561,229,154754496
1592,198,154754509
1592,256,154754520
1593,259,154754529
1596,260,154754542
1597,255,154754551
1598,254,154754562
1601,232,154754576
1600,241,154754586
1600,242,154754596
1603,234,154754609
1608,236,154754618
1610,237,154754629
1619,241,154754642
1589,248,154754651
1578,249,154754662
1633,259,154754676
1223,287,154754685
1216,287,154754696
1149,290,154754709
1134,288,154754718
1125,287,154754729
1112,281,154754742
1098,281,154754751
1088,282,154754762
1092,276,154754776
1099,282,154754792
1099,283,154754796
1098,281,154754809
1099,281,154754821
1099,276,154754829
1095,240,154754842
1085,252,154754852
1084,256,154754862
1053,266,154754876
1051,267,154754885
1050,267,154754896
1065,268,154754909
1065,273,154754918
1065,274,154754929
1073,271,154754942
1079,266,154754951
1081,265,154754964
1081,265,154754976
1092,272,154754986
1096,274,154754997
1096,275,154755009
1101,286,154755017
1102,288,154755029
1109,303,154755042
1112,302,154755051
1116,299,154755062
1120,299,154755076
1121,299,154755084
1122,300,154755095
1133,293,154755109
1154,283,154755117
1160,280,154755129
1153,280,154755142
1148,281,154755151
1144,281,154755163
1149,277,154755175
1151,281,154755185
1151,281,154755195
1152,283,154755208
1156,298,154755218
1170,317,154755229
1171,324,154755242
1180,319,154755251
1188,311,154755261
1200,301,154755275
1210,303,154755284
1217,303,154755295
1233,283,154755308
1312,189,154755317
1321,180,154755328
1321,177,154755342
1316,194,154755351
1312,202,154755361
1312,203,154755375
1308,214,154755387
1306,218,154755398
1277,249,154755409
1278,252,154755417
1277,254,154755428
1264,260,154755441
1265,265,154755451
1265,265,154755461
1266,269,154755474
1294,219,154755484
1297,214,154755495
1305,201,154755509
1294,214,154755517
1289,220,154755528
1283,228,154755542
1281,227,154755550
1280,228,154755562
1283,232,154755575
1280,260,154755584
1292,268,154755595
1335,265,154755609
1337,263,154755618
1339,263,154755628
1328,254,154755642
1332,256,154755650
1333,256,154755662
1506,208,154755775
1490,273,154755784
1490,273,154755795
1461,294,154755810
1457,274,154755817
1458,273,154755828
1451,276,154755842
1444,282,154755856
1437,288,154755861
1428,302,154755875
1420,312,154755884
1419,313,154755895
1422,306,154755908
1479,307,154755917
1480,307,154755928
1482,307,154755941
1434,320,154755951
1433,320,154755961
1435,319,154755975
1506,288,154755983
1515,285,154755995
1529,275,154756008
1531,274,154756017
1533,272,154756032
1540,270,154756041
1558,262,154756051
1557,263,154756062
1529,287,154756076
1523,291,154756096
1523,292,154756100
1526,298,154756108
1527,299,154756118
1527,299,154756128
1533,302,154756141
1535,298,154756150
1535,297,154756161
1535,297,154756174
1546,282,154756183
1546,281,154756194
1545,277,154756208
1544,274,154756219
1545,272,154756228
1554,262,154756242
1553,265,154756252
1551,268,154756261
1553,267,154756276
1581,283,154756286
1582,284,154756295
1592,287,154756308
1597,289,154756317
1599,289,154756328
1617,281,154756341
1617,273,154756350
1618,273,154756361
1620,275,154756374
1601,274,154756384
1600,274,154756394
1613,276,154756409
1604,274,154756417
1603,274,154756427
1598,273,154756441
1401,283,154756450
1391,284,154756465
1404,283,154756475
1285,300,154756484
1254,304,154756495
1156,310,154756508
1133,309,154756516
1121,308,154756527
1135,307,154756541
1100,315,154756550
1097,316,154756561
1095,312,154756574
1103,304,154756583
1103,303,154756595
1101,306,154756607
1104,304,154756616
1113,263,154756628
1116,246,154756641
1115,245,154756650
1107,259,154756663
1107,265,154756674
1107,269,154756684
1107,270,154756694
1089,278,154756707
1072,285,154756717
1064,281,154756727
1062,279,154756741
1086,291,154756750
1087,291,154756761
1084,290,154756774
1090,294,154756784
1091,295,154756795
1096,297,154756807
1114,297,154756817
1116,296,154756827
1120,295,154756841
1128,296,154756850
1132,297,154756861
1144,302,154756874
1170,298,154756886
1187,296,154756894
1187,302,154756907
1184,331,154756917
1182,341,154756927
1175,341,154756941
1169,339,154756950
1168,339,154756961
1173,336,154756974
1187,311,154756983
1195,303,154756995
1206,288,154757007
1210,286,154757016
1210,287,154757027
1209,289,154757041
1209,291,154757049
1209,291,154757060
1208,293,154757074
1214,291,154757089
1219,291,154757096
1234,301,154757107
1243,306,154757116
1249,309,154757127
1246,310,154757141
1247,311,154757150
1246,311,154757160
1249,312,154757174
1254,309,154757183
1255,308,154757194
1257,307,154757206
1261,303,154757216
1264,301,154757227
1290,289,154757241
1287,296,154757249
1282,303,154757260
1297,295,154757274
1308,294,154757282
1318,295,154757294
1357,294,154757309
1373,292,154757316
1377,291,154757327
1375,293,154757340
1366,343,154757350
1367,343,154757360
1382,299,154757374
1377,308,154757383
1377,308,154757394
1375,314,154757406
1338,342,154757483
919,864,154757497
947,959,154757506
1612,1279,154757516
1438,387,154757573
1415,273,154757583
1411,282,154757593
1317,358,154757607
1332,339,154757616
1309,365,154757627
1288,364,154757640
1289,365,154757649
1290,367,154757660
1288,364,154757673
1292,362,154757682
1298,359,154757693
1316,352,154757709
1357,308,154757719
1378,286,154757726
1412,269,154757740
1474,260,154757754
1483,258,154757762
1485,259,154757774
1475,277,154757783
1472,286,154757795
1475,289,154757807
1475,292,154757815
1475,295,154757827
1462,292,154757840
1455,296,154757849
1455,296,154757872
1455,304,154757876
1459,305,154757884
1461,310,154757893
1461,316,154757907
1455,349,154757916
1455,350,154757927
1455,349,154757940
1456,341,154757951
1456,341,154757961
1454,340,154757973
1454,340,154757982
1453,340,154757993
1453,340,154758007
1457,333,154758016
1457,333,154758026
1458,332,154758040
1459,330,154758049
1461,329,154758060
1462,321,154758073
1470,324,154758083
1475,325,154758093
1486,319,154758106
1509,313,154758115
1517,311,154758126
1551,312,154758140
1584,314,154758151
1597,314,154758160
1614,321,154758173
1619,326,154758182
1620,326,154758193
1620,328,154758207
1620,341,154758215
1620,342,154758227
1617,344,154758240
1522,345,154758249
1437,346,154758260
1259,346,154758273
1234,346,154758282
1216,346,154758293
1173,351,154758306
1153,355,154758316
1145,358,154758327
1148,365,154758340
1149,364,154758351
1145,362,154758360
1141,361,154758373
1142,352,154758382
1143,348,154758395
1152,289,154758406
1148,295,154758415
1141,303,154758426
1126,317,154758440
1121,323,154758448
1108,334,154758460
1089,346,154758473
1080,358,154758482
1076,357,154758493
1078,369,154758506
1062,359,154758515
1060,358,154758526
1046,350,154758539
1057,345,154758549
1060,344,154758560
1070,342,154758573
1072,339,154758582
1074,338,154758593
1083,334,154758607
1067,342,154758615
1062,345,154758626
1062,344,154758639
1088,316,154758648
1092,309,154758660
1094,306,154758673
1096,313,154758682
1096,320,154758693
1095,320,154758706
1056,298,154758715
1054,296,154758726
1041,291,154758739
1048,299,154758748
1052,307,154758759
1064,321,154758773
1066,325,154758781
1068,327,154758793
1066,323,154758806
1117,333,154758818
1129,330,154758828
1166,314,154758839
1163,313,154758850
1163,312,154758859
1163,312,154758872
1184,265,154758882
1188,273,154758893
1200,289,154758906
1204,294,154758915
1205,297,154758926
1200,323,154758939
1197,328,154758948
1196,329,154758959
1195,317,154758973
1192,331,154758981
1191,327,154758993
1192,326,154759006
1187,326,154759015
1186,322,154759028
1187,322,154759039
1191,323,154759048
1196,326,154759060
1204,324,154759073
1217,319,154759082
1230,316,154759093
1250,317,154759106
1263,316,154759115
1260,314,154759128
1263,318,154759142
1264,318,154759148
1264,318,154759159
1281,339,154759172
1284,339,154759182
1289,340,154759192
1289,336,154759206
1278,335,154759215
1278,329,154759226
1272,330,154759239
1260,339,154759248
1258,339,154759265
1260,338,154759273
1241,341,154759284
1256,317,154759293
1257,321,154759307
1269,318,154759315
1280,323,154759327
1279,323,154759339
1282,320,154759348
1283,319,154759359
1283,319,154759372
1307,318,154759382
1340,311,154759393
1349,308,154759405
1357,306,154759415
1367,294,154759426
1393,267,154759440
1392,275,154759450
1390,282,154759459
1403,265,154759473
1397,258,154759484
1392,257,154759493
1374,279,154759506
1374,280,154759514
1370,281,154759526
1365,276,154759539
1363,281,154759548
1363,283,154759559
1366,272,154759573
1388,282,154759581
1390,281,154759592
1389,277,154759606
1390,276,154759614
1389,276,154759625
1390,277,154759639
1395,304,154759649
1395,305,154759659
1392,304,154759673
1388,311,154759684
1388,311,154759694
1386,315,154759706
1389,319,154759715
1390,319,154759726
1390,320,154759739
1409,329,154759748
1404,326,154759759
1423,332,154759773
1429,336,154759781
1429,338,154759793
1441,344,154759806
1446,360,154759814
1447,360,154759826
1447,363,154759839
1448,362,154759848
1451,350,154759860
1446,335,154759872
1446,333,154759881
1448,334,154759892
1449,333,154759908
1454,324,154759915
1453,323,154759926
1454,325,154759939
1447,332,154759948
1439,342,154759959
1439,342,154759972
1436,344,154759981
1436,342,154759992
1436,344,154760006
1433,356,154760015
1432,356,154760026
1430,378,154760039
1434,377,154760048
1441,374,154760059
1443,375,154760074
1476,396,154760081
1477,397,154760092
1477,397,154760105
1476,399,154760115
1467,396,154760127
1468,390,154760139
1463,379,154760147
1461,371,154760159
1465,362,154760172
1461,352,154760181
1463,352,154760192
1463,352,154760205
1464,350,154760214
1468,344,154760225
1470,341,154760239
1540,344,154760248
1548,342,154760259
1547,335,154760272
1549,328,154760281
1549,319,154760292
1564,311,154760305
1561,315,154760315
1559,317,154760325
1561,331,154760338
1559,332,154760350
1557,332,154760358
1557,334,154760372
1563,336,154760381
1560,333,154760392
1560,336,154760405
1561,335,154760414
1549,342,154760425
1549,342,154760438
1539,358,154760448
1538,359,154760458
1538,356,154760471
1517,362,154760480
1509,369,154760491
1505,370,154760504
1499,373,154760514
1496,373,154760526
1502,363,154760540
1509,355,154760548
1513,351,154760558
1539,361,154760571
1548,363,154760581
1553,365,154760591
1559,347,154760604
1556,348,154760613
1558,346,154760625
1556,347,154760638
1550,355,154760647
1547,359,154760658
1548,358,154760671
1560,357,154760681
1563,357,154760691
1562,359,154760704
1526,386,154760713
1522,389,154760725
1593,369,154760838
1593,369,154760847
1593,369,154760858
1577,377,154760871
1502,377,154760880
1514,375,154760891
1526,385,154760904
1528,386,154760913
1529,387,154760925
1521,407,154760937
1518,412,154760948
1516,416,154760958
1519,406,154760971
1517,392,154760980
1519,388,154760991
1541,382,154761004
1544,380,154761013
1545,379,154761025
1545,379,154761037
1555,380,154761047
1581,381,154761058
1592,380,154761073
1596,379,154761081
1589,373,154761091
1585,370,154761104
1565,363,154761114
1562,362,154761124
1558,359,154761137
1590,328,154761147
1595,320,154761157
1562,337,154761172
1549,337,154761180
1537,334,154761191
1544,321,154761204
1445,334,154761213
1365,345,154761224
1245,363,154761237
1192,371,154761246
1168,375,154761258
1165,374,154761271
1162,377,154761280
1159,378,154761291
1160,383,154761304
1163,372,154761313
1163,370,154761324
1163,369,154761337
1153,368,154761347
1152,368,154761358
1156,358,154761371
1166,330,154761381
1167,329,154761394
1156,337,154761405
1154,339,154761413
1152,343,154761424
1156,344,154761437
1161,345,154761446
1162,345,154761457
1161,348,154761470
1131,302,154761480
1128,297,154761491
1121,293,154761504
1116,295,154761513
1115,293,154761524
1106,296,154761538
1088,305,154761546
1083,308,154761557
1085,305,154761570
1115,257,154761580
1104,280,154761593
1104,285,154761603
1120,302,154761613
1120,313,154761624
1124,315,154761637
1103,324,154761646
1095,327,154761657
1089,354,154761670
1087,363,154761680
1089,358,154761690
1097,357,154761703
1080,377,154761713
1069,387,154761724
1066,385,154761737
1076,391,154761746
1075,390,154761757
1074,389,154761770
1067,390,154761780
1060,389,154761792
1031,376,154761803
1047,363,154761813
1066,354,154761824
1068,355,154761837
1117,343,154761846
1153,334,154761857
1248,292,154761869
1250,291,154761879
1253,290,154761890
1244,292,154761903
1249,278,154761913
1253,266,154761924
1254,267,154761936
1246,296,154761946
1244,305,154761957
1240,304,154761969
1242,290,154761980
1243,286,154761991
1240,290,154762003
1218,330,154762017
1214,339,154762024
1216,338,154762036
1203,330,154762072
1202,331,154762104
1201,332,154762108
1211,312,154762112
1216,303,154762118
1218,300,154762124
1231,282,154762138
1248,268,154762146
1241,276,154762157
1248,265,154762169
1244,273,154762179
1242,278,154762190
1244,284,154762207
1255,307,154762213
1256,310,154762226
1254,326,154762236
1236,343,154762247
1228,347,154762258
1230,346,154762269
1230,343,154762279
1230,342,154762293
1230,332,154762303
1222,328,154762312
1222,326,154762323
1207,295,154762469
1207,295,154762479
1207,295,154762490
1208,299,154762503
1212,320,154762513
1215,331,154762523
1217,341,154762536
1261,327,154762545
1300,317,154762556
1296,317,154762569
1304,315,154762579
1310,313,154762590
1322,306,154762602
1404,273,154762613
1408,271,154762623
1421,273,154762637
1423,273,154762646
1425,273,154762656
1433,279,154762669
1447,285,154762679
1453,288,154762690
1454,288,154762703
1430,309,154762712
1422,315,154762723
1407,344,154762736
1403,345,154762745
1402,345,154762756
1402,342,154762768
1410,338,154762779
1413,337,154762790
1405,341,154762803
1400,335,154762812
1400,334,154762823
1407,329,154762837
1411,329,154762845
1413,329,154762858
1423,340,154762869
1425,343,154762878
1425,343,154762890
1423,343,154762902
1418,344,154762911
1414,347,154762923
1411,349,154762935
1423,341,154762945
1435,334,154762956
1417,344,154762969
1439,349,154762979
1445,351,154762989
1501,387,154763003
1504,392,154763012
1506,393,154763023
1508,382,154763035
1544,387,154763045
1546,388,154763058
1542,377,154763075
1546,368,154763079
1547,366,154763089
1546,344,154763103
1548,340,154763112
1549,339,154763123
1549,339,154763135
1546,344,154763145
1545,347,154763156
1544,354,154763169
1574,355,154763178
1584,355,154763190
1604,360,154763202
1623,358,154763211
1628,357,154763223
1611,340,154763245
1611,339,154763256
1636,351,154763272
1632,344,154763279
1632,342,154763289
1622,333,154763301
1630,331,154763335
1645,339,154763345
1649,338,154763356
1701,324,154763369
1685,339,154763378
1681,343,154763389
1666,361,154763402
1584,382,154763412
1551,382,154763422
1526,390,154763435
1328,389,154763444
1294,388,154763456
1159,387,154763478
1133,386,154763489
1106,397,154763501
1093,410,154763511
1092,411,154763523
1086,402,154763535
1084,404,154763545
1083,407,154763556
1075,426,154763568
1058,421,154763578
1053,420,154763590
1009,407,154763601
1019,402,154763611
1022,397,154763622
1009,392,154763635
1012,394,154763644
1041,397,154763656
1046,393,154763669
1075,396,154763678
1075,397,154763690
1080,399,154763701
1123,396,154763712
1129,397,154763724
1146,393,154763735
1169,372,154763744
1167,373,154763756
1179,370,154763768
1175,368,154763777
1171,369,154763789
1168,369,154763801
1162,365,154763811
1155,363,154763822
1141,363,154763834
1083,381,154763844
1072,390,154763857
1075,391,154763868
1117,397,154763880
1122,397,154763891
1129,407,154763902
1130,424,154763911
1131,427,154763922
1131,428,154763935
1103,440,154763944
1101,441,154763955
1097,440,154763968
1080,433,154763978
1074,431,154763989
1067,435,154764001
1075,429,154764011
1075,428,154764022
1074,428,154764034
1094,372,154764044
1098,363,154764055
1103,364,154764068
1109,368,154764079
1116,372,154764089
1147,373,154764101
1153,365,154764117
1162,374,154764124
1160,373,154764137
1174,370,154764145
1185,358,154764155
1133,381,154764201
1130,383,154764211
1126,381,154764222
1124,383,154764234
1136,368,154764244
1160,367,154764256
1249,356,154764267
1245,358,154764277
245,1246,154885969
245,1246,154885979
245,1246,154885992
177,1221,154886003
-144,1100,154886013
-312,1037,154886024
1005,15,154887384
1348,53,154887397
1439,62,154887404
1591,103,154887415
1629,116,154887426
1612,172,154887438
1626,162,154887449
1594,170,154887460
1596,264,154887471
1601,375,154887482
1611,533,154887492
1615,581,154887504
1618,584,154887516
1614,667,154887526
1626,707,154887538
1637,743,154887549
1637,745,154887560
1636,746,154887572
1645,739,154887589
1679,566,154887599
1683,550,154887604
1684,536,154887615
1687,518,154887625
1703,411,154887637
1707,366,154887649
1708,343,154887659
1697,325,154887671
1694,286,154887682
1691,243,154887692
1697,224,154887704
1693,234,154887716
1694,233,154887725
1697,204,154887738
1689,200,154887749
1688,200,154887758
1687,200,154887771
1691,204,154887782
1692,205,154887796
1701,232,154887804
1698,233,154887815
1750,199,154887826
2002,73,154887837
2071,81,154887849
2074,81,154887859
2082,78,154887870
2087,73,154887882
2089,72,154887893
2094,68,154887904
2072,73,154887915
2070,77,154887925
2069,81,154887937
2070,81,154887949
2070,87,154887961
2069,101,154887969
2085,105,154887982
2091,105,154887995
2099,108,154888004
2096,101,154888015
2092,97,154888029
2086,90,154888037
2088,91,154888048
2098,105,154888059
2090,119,154888074
2061,132,154888100
2040,140,154888105
1823,192,154888137
1770,232,154888147
1767,233,154888157
1755,252,154888170
1754,267,154888181
1751,269,154888195
1764,272,154888207
1772,271,154888214
1766,275,154888225
1770,272,154888236
1756,267,154888247
1754,266,154888258
1740,265,154888270
1734,264,154888280
1733,264,154888291
1723,260,154888303
1703,252,154888314
1693,251,154888324
1686,252,154888337
1382,283,154888347
1373,284,154888358
1307,435,154888436
1304,417,154888447
1307,439,154888458
1307,442,154888469
1309,456,154888480
1309,463,154888491
1256,592,154889001
1256,592,154889012
1200,570,154889027
1125,497,154889034
1135,502,154889045
1157,493,154889056
1169,487,154889067
1175,482,154889078
1146,474,154889090
1125,468,154889102
1133,465,154889112
1132,458,154889123
1157,406,154889134
1158,410,154889145
1162,406,154889156
1163,400,154889167
1152,373,154889178
1156,381,154889190
1159,380,154889201
1158,379,154889213
1138,337,154889225
1125,310,154889235
1106,289,154889245
1107,290,154889257
1095,278,154889269
1095,287,154889280
1095,289,154889291
1096,478,154889489
1118,529,154889500
1133,533,154889512
1148,542,154889523
1169,569,154889533
1167,583,154889545
1161,577,154889555
1031,709,154889870
1190,712,154889882
1190,712,154889892
1224,718,154889904
1302,720,154889915
1314,764,154889926
1319,774,154889937
1264,799,154889948
1177,770,154889959
1198,768,154889970
1200,726,154889982
1216,719,154889993
1263,632,154890004
1258,610,154890015
1276,565,154890026
1271,535,154890037
1271,493,154890049
1273,469,154890059
1250,407,154890071
1249,390,154890082
1245,373,154890095
1245,358,154890104
1234,343,154890115
1232,334,154890126
1227,329,154890137
1226,325,154890148
1223,321,154890159
1221,311,154890171
1209,307,154890182
1138,280,154890192
-200,186,154890647
-200,186,154890661
217,133,154890670
893,63,154890682
982,118,154890692
1077,163,154890704
1141,204,154890715
1186,207,154890726
1229,213,154890737
1264,216,154890748
1279,218,154890759
1281,234,154890770
1277,236,154890782
1298,231,154890792
1299,220,154890804
1309,214,154890815
1310,213,154890826
1315,207,154890837
1315,205,154890848
1314,195,154890860
1312,190,154890870
1315,190,154890882
1313,187,154890892
1315,185,154890904
1313,181,154890915
1313,179,154890926
1313,175,154890937
1319,168,154890948
1322,168,154890958
1324,164,154890971
1324,163,154890982
1325,159,154890992
1325,158,154891004
1326,150,154891015
1327,129,154891026
1329,126,154891037
1330,117,154891050
1333,118,154891059
1334,110,154891072
1337,101,154891086
1337,94,154891095
1335,82,154891105
1334,76,154891118
1336,66,154891125
1339,65,154891137
1340,65,154891149
1340,64,154891158
1339,66,154891171
1340,63,154891181
1343,62,154891191
1342,63,154891204
1343,64,154891215
1346,64,154891225
1342,68,154891237
1339,81,154891248
1335,87,154891259
1334,89,154891272
1330,87,154891283
1313,85,154891290
1310,85,154891304
1305,84,154891315
1312,88,154891323
1316,107,154891337
1315,110,154891348
1327,113,154891362
1333,123,154891370
1331,125,154891381
1333,129,154891393
1332,129,154891404
1320,136,154891415
1307,138,154891425
1302,138,154891437
1269,137,154891448
1228,134,154891460
1192,114,154891470
1188,108,154891481
1184,106,154891491
1186,100,154891504
1175,94,154891515
1200,66,154891526
1189,85,154891537
1203,68,154891548
1200,65,154891558
1196,68,154891570
1196,71,154891581
1193,73,154891591
1190,88,154891604
1182,94,154891615
1181,96,154891624
1177,96,154891636
1169,87,154891648
1171,134,154891664
1179,176,154891670
1153,349,154891681
1148,431,154891691
1148,503,154891703
1191,556,154891715
1200,572,154891728
1209,602,154891737
1214,625,154891750
1217,646,154891758
1218,656,154891770
1223,670,154891781
1233,693,154891801
1238,703,154891805
1240,722,154891814
1242,722,154891826
1240,724,154891837
1239,728,154891848
1238,734,154891861
1237,743,154891870
1241,732,154891881
1253,694,154891891
1250,710,154891903
1273,734,154891914
1295,756,154891925
1297,767,154891936
1294,777,154891947
1274,786,154891957
1277,780,154891970
1287,773,154891981
1294,778,154891992
1304,755,154892003
1308,748,154892014
1307,745,154892024
1336,726,154892038
1366,755,154892052
1375,748,154892058
1373,745,154892074
1380,757,154892082
1382,779,154892091
1388,796,154892105
1396,795,154892149
1403,794,154892152
1453,824,154892156
1489,817,154892159
1493,816,154892167
1511,807,154892170
1521,802,154892185
1525,798,154892191
1526,797,154892206
1534,774,154892214
1555,732,154892224
1549,741,154892236
1520,692,154892249
1421,599,154892258
1407,582,154892279
1413,547,154892291
1417,536,154892296
1416,533,154892303
1430,518,154892314
1428,505,154892324
1433,504,154892338
1433,493,154892347
1436,489,154892357
1448,492,154892371
1440,505,154892380
1436,510,154892390
2470,746,154893844
2379,730,154893855
2379,730,154893865
2363,759,154893878
2390,756,154893889
2378,758,154893899
2375,760,154893912
2382,763,154893923
2372,769,154893933
2373,782,154893945
2372,782,154893956
2247,750,154893967
1956,661,154893978
1822,621,154893991
1765,603,154894003
1710,582,154894015
1547,525,154894024
1516,513,154894033
1514,521,154894045
1516,522,154894063
1516,525,154894067
1513,536,154894080
1508,542,154894090
1506,544,154894100
1497,553,154894112
1494,554,154894123
1479,556,154894133
1478,556,154894153
1474,555,154894157
1458,552,154894169
1401,544,154894182
1230,479,154894193
1229,483,154894200
1244,479,154894211
1230,456,154894223
1216,439,154894234
1209,433,154894245
1163,382,154894261
1153,370,154894270
1157,345,154894281
1153,315,154894292
1153,304,154894301
1155,311,154894312
1143,300,154894328
1137,293,154894339
1136,289,154894348
1136,282,154894359
1135,279,154894368
1134,275,154894378
1133,275,154894392
1130,272,154894400
1119,260,154894412
1122,262,154894427
1121,263,154894434
1115,269,154894446
1113,269,154894458
1113,268,154894467
1113,266,154894478
1113,262,154894490
1114,257,154894500
1113,255,154894513
1112,251,154894523
1111,251,154894538
1112,247,154894545
1118,254,154894560
1184,289,154894566
1164,285,154894580
1281,316,154894589
1844,452,154894600
1934,465,154894613
2131,495,154894630
2252,507,154894633
2374,522,154894645
2503,533,154894657
2614,546,154894667
2788,563,154894678
2816,561,154894690
2969,565,154894700
2996,576,154894712
2982,583,154894723
2989,589,154894733
2988,585,154894745
2989,588,154894758
2982,582,154894767
2977,584,154894778
2975,586,154894790
2960,577,154894805
2952,579,154894812
2933,579,154894823
2934,584,154894835
2943,591,154894845
2947,597,154894857
2949,600,154894866
2952,591,154894878
2959,591,154894890
2965,590,154894900
2967,591,154894911
2959,612,154894923
2947,626,154894933
2959,613,154894945
2947,620,154894958
2787,542,154894966
2558,471,154894979
2510,452,154894989
2497,447,154895000
2434,419,154895011
2409,404,154895023
2398,398,154895034
2399,399,154895045
2369,408,154895056
2371,412,154895066
2373,416,154895079
2370,416,154895089
2378,419,154895099
2386,422,154895111
2383,421,154895124
2381,421,154895136
2380,422,154895145
2414,429,154895156
2437,434,154895166
2443,428,154895178
2453,428,154895189
2456,421,154895201
2456,420,154895213
2454,426,154895238
2454,427,154895246
2449,432,154895260
2449,432,154895270
2451,424,154895278
2455,432,154895289
2454,434,154895299
2458,451,154895311
2454,450,154895322
2292,478,154895333
1982,526,154895345
1770,592,154895356
1714,609,154895366
1637,630,154895378
1572,647,154895389
1523,659,154895400
1290,738,154895411
1252,751,154895423
963,845,154895433
977,828,154895445
982,815,154895456
982,808,154895467
978,816,154895478
972,828,154895489
972,836,154895500
971,837,154895511
993,814,154895524
995,810,154895538
1007,764,154895544
1007,761,154895556
1007,758,154895568
1006,773,154895578
1012,780,154895589
1016,780,154895599
1018,781,154895611
1018,782,154895623
1038,779,154895633
1063,803,154895644
1066,805,154895656
1066,801,154895666
1060,797,154895678
1062,802,154895689
1062,803,154895702
1074,829,154895711
1082,822,154895722
1083,832,154895733
1084,821,154895744
1127,842,154895756
1132,845,154895766
1174,861,154895778
1182,835,154895789
1183,828,154895800
1183,810,154895811
1176,811,154895823
1175,810,154895833
1178,826,154895845
1163,859,154895856
1162,862,154895866
1161,862,154895877
1108,910,154895889
1062,931,154895899
1099,1010,154895909
1189,1107,154895922
867,1458,154895989
660,1398,154895999
654,1396,154896010
661,1387,154896022
875,1194,154896032
971,1108,154896044
961,1130,154896055
915,1212,154896067
886,1266,154896076
1736,1222,154896144
1484,1269,154896154
1671,1234,154896165
1656,1128,154896189
1216,744,154896198
855,415,154896211
829,413,154896222
820,422,154896233
809,438,154896245
820,409,154896255
813,402,154896266
810,390,154896278
831,357,154896289
839,339,154896299
835,335,154896311
804,312,154896324
757,299,154896332
487,213,154896344
444,192,154896355
434,187,154896366
369,155,154896377
343,141,154896389
318,128,154896399
293,105,154896411
288,104,154896422
293,114,154896432
291,99,154896444
296,104,154896456
299,105,154896466
303,112,154896478
309,124,154896489
310,128,154896500
312,140,154896511
314,140,154896523
316,145,154896533
320,149,154896544
321,151,154896555
322,153,154896566
320,155,154896578
321,159,154896588
308,202,154896598
1009,998,154896724
1113,910,154896734
1237,767,154896744
1294,718,154896775
1293,721,154896782
1310,706,154896785
1371,651,154896789
1405,632,154896799
1451,649,154896811
1471,652,154896822
1492,653,154896832
1491,637,154896844
1510,644,154896855
1628,677,154896866
1669,683,154896877
1745,709,154896888
1775,717,154896899
1826,724,154896911
1845,726,154896922
1853,727,154896932
1852,725,154896945
1853,725,154896955
1847,725,154896965
1844,725,154896977
1840,726,154896989
1846,729,154896999
1847,731,154897010
1845,735,154897022
1844,762,154897032
1841,743,154897044
1847,750,154897055
2418,992,154897065
2438,1003,154897092
2541,1076,154897098
2594,1110,154897102
2647,1145,154897110
2748,1198,154897121
2798,1223,154897132
2812,1200,154897145
2899,1233,154897160
2957,1257,154897167
2953,1266,154897177
2968,1231,154897188
2969,1230,154897210
2972,1241,154897214
2971,1242,154897222
2971,1242,154897231
2970,1248,154897243
2970,1262,154897255
2971,1271,154897265
2971,1285,154897277
2986,1253,154897288
2986,1252,154897298
2989,1248,154897310
2997,1218,154897321
2997,1216,154897331
2994,1206,154897343
2998,1204,154897354
3017,1208,154897364
3019,1209,154897378
3066,1298,154897387
3070,1305,154897398
3070,1301,154897410
3077,1263,154897421
3080,1258,154897431
3085,1255,154897443
3086,1253,154897454
3086,1249,154897465
3085,1237,154897476
3070,1210,154897488
3069,1208,154897498
3070,1198,154897509
3070,1199,154897521
3071,1199,154897531
3072,1201,154897543
3082,1209,154897555
3088,1213,154897564
3087,1217,154897577
3096,1224,154897588
3100,1227,154897598
3095,1221,154897610
3093,1214,154897621
3089,1208,154897631
3092,1210,154897643
3076,1195,154897654
3074,1195,154897665
3075,1188,154897676
3085,1173,154897688
3086,1171,154897698
3082,1174,154897710
3082,1175,154897721
3082,1173,154897731
3083,1177,154897743
3090,1183,154897754
3084,1188,154897764
3087,1188,154897776
3090,1190,154897788
3097,1196,154897797
3111,1196,154897810
3113,1196,154897821
3118,1194,154897831
3117,1188,154897843
3117,1184,154897854
3119,1189,154897864
3122,1181,154897877
3118,1180,154897887
3122,1178,154897898
3131,1141,154897910
3132,1144,154897921
3130,1147,154897931
3125,1158,154897942
3123,1158,154897954
3127,1150,154897965
3170,1137,154897976
3158,1149,154897988
3157,1150,154897997
3147,1149,154898009
3137,1155,154898021
3134,1155,154898030
3104,1156,154898043
3037,1164,154898054
3036,1164,154898064
3036,1165,154898076
3035,1171,154898088
3035,1173,154898097
3039,1181,154898109
3038,1179,154898121
3039,1176,154898130
3031,1175,154898142
3030,1149,154898154
3030,1149,154898164
3031,1150,154898176
3031,1151,154898187
3031,1154,154898200
3033,1154,154898210
3034,1157,154898223
3034,1165,154898230
3028,1182,154898242
3028,1233,154898254
3028,1238,154898264
3027,1246,154898276
3025,1251,154898286
3021,1258,154898296
2995,1307,154898320
2719,1358,154898330
2420,1409,154898342
1626,1543,154898354
1256,1623,154898364
867,1719,154898375
768,1736,154898388
719,1745,154898397
623,1743,154898409
506,1747,154898421
423,1753,154898430
348,1752,154898443
326,1744,154898454
308,1740,154898466
319,1733,154898476
236,1731,154898487
223,1730,154898498
225,1726,154898510
246,1734,154898521
286,1762,154898530
317,1781,154898542
331,1792,154898554
340,1800,154898564
365,1824,154898576
280,1800,154898587
268,1797,154898598
231,1806,154898609
226,1824,154898620
242,1851,154898631
258,1872,154898642
343,1879,154898654
409,1890,154898664
929,1983,154898675
863,1969,154898687
1273,1998,154898697
1449,2013,154898709
1888,2047,154898720
2970,2167,154898730
3006,2173,154898742
2770,2168,154898753
2915,2230,154898763
2956,2248,154898786
3037,2218,154898797
3046,2219,154898809
3109,2168,154898821
3076,2196,154898849
3073,2193,154898853
3069,2181,154898857
3068,2183,154898863
3102,2140,154898876
3114,2135,154898886
3116,2134,154898898
3113,2142,154898908
3083,2261,154898919
3082,2266,154898929
1360,750,154899211
1341,774,154899223
1341,774,154899240
1345,786,154899249
1360,802,154899257
1366,807,154899266
1358,802,154899278
1369,828,154899292
1372,834,154899300
1376,829,154899312
1375,829,154899323
1376,829,154899333
1377,831,154899345
1394,817,154899357
1396,816,154899366
1410,811,154899378
1427,810,154899393
1428,810,154899400
1431,809,154899412
1427,804,154899423
1427,810,154899433
1429,830,154899447
951,833,154899578
1100,754,154899589
1100,754,154899599
1125,785,154899611
1133,795,154899623
1133,795,154899632
1148,784,154899646
1153,777,154899656
1157,775,154899667
1155,776,154899679
1186,760,154899690
1194,756,154899700
1274,730,154899712
1302,708,154899723
1304,707,154899733
1310,699,154899745
1327,675,154899756
1329,668,154899766
1327,615,154899778
1325,600,154899789
1324,598,154899799
1324,589,154899811
1322,588,154899823
1322,587,154899833
1322,581,154899848
1322,582,154899856
1322,582,154899868
1322,581,154899879
1321,580,154899889
1320,578,154899900
1321,576,154899911
1314,555,154899923
1314,554,154899933
1311,549,154899945
1310,546,154899956
1310,546,154899968
1309,547,154899978
1308,548,154899990
1308,548,154899999
1308,548,154900011
1308,548,154900023
1306,546,154900033
1303,542,154900045
1297,546,154900056
1295,546,154900097
1290,542,154900103
1284,539,154900108
1284,539,154900112
1287,535,154900116
1278,546,154900123
1268,552,154900133
1209,569,154900145
1198,572,154900156
1192,574,154900166
1165,585,154900179
1154,586,154900190
1151,586,154900200
1150,584,154900212
1150,585,154900225
1152,583,154900233
1167,571,154900246
1164,573,154900258
1165,573,154900266
1169,568,154900279
1179,562,154900292
1180,562,154900302
1179,558,154900315
1178,559,154900324
1177,558,154900334
1169,554,154900347
1169,554,154900357
1169,554,154900367
1168,553,154900379
1168,554,154900391
1168,555,154900400
1168,556,154900413
1163,553,154900424
1163,553,154900433
1162,554,154900447
1163,555,154900458
1163,556,154900466
1167,557,154900480
1167,558,154900493
1167,558,154900500
1167,561,154900513
1170,562,154900524
1325,541,154900534
1426,525,154900546
1437,520,154900558
1441,516,154900567
1448,515,154900579
1456,515,154900591
1465,516,154900600
1467,518,154900613
1463,518,154900624
1464,519,154900633
1465,522,154900646
1467,525,154900657
1467,526,154900667
1467,525,154900679
1467,526,154900694
1466,524,154900704
1466,527,154900712
1461,537,154900724
1461,527,154900733
1462,528,154900745
1463,532,154900757
1464,532,154900767
1464,535,154900779
1466,536,154900790
1541,563,154900800
1559,568,154900812
1577,587,154900824
1580,590,154900834
1582,593,154900846
1586,594,154900857
1587,595,154900867
1593,600,154900879
1594,603,154900890
1590,613,154900901
1588,613,154900915
1589,612,154900926
1590,612,154900934
1588,613,154900946
1589,616,154900957
1588,618,154900967
1588,618,154900979
1587,619,154900991
1593,619,154901001
1595,620,154901012
1596,621,154901025
1595,620,154901033
1594,619,154901045
1595,611,154901057
1595,613,154901067
1598,610,154901080
1604,604,154901090
1604,603,154901100
1595,605,154901112
1597,607,154901125
1597,605,154901134
1596,604,154901145
1596,604,154901157
1599,602,154901167
1601,604,154901179
1601,605,154901190
1600,605,154901200
1600,604,154901212
1594,605,154901223
1593,605,154901234
1595,605,154901245
1595,601,154901257
1593,599,154901267
1592,590,154901279
1594,586,154901290
1594,584,154901300
1594,583,154901312
1596,582,154901324
1596,582,154901337
1596,582,154901347
1595,583,154901357
1595,584,154901367
1593,585,154901380
1593,586,154901390
1593,587,154901401
1592,587,154901412
1589,591,154901424
1577,592,154901434
1574,596,154901446
1534,594,154901457
1532,594,154901470
1528,594,154901483
1526,594,154901490
1524,594,154901501
1517,587,154901512
1518,588,154901524
1517,588,154901534
1512,592,154901545
1511,592,154901557
1511,591,154901567
1510,588,154901579
1509,583,154901590
1509,581,154901600
1509,579,154901612
1509,580,154901624
1509,584,154901634
1509,585,154901645
1509,585,154901657
1503,589,154901667
1503,597,154901677
1454,597,154901689
1326,606,154902519
1348,622,154902530
1348,622,154902541
1351,629,154902554
1355,637,154902565
1361,670,154902575
1356,679,154902586
1335,692,154902597
1330,693,154902620
1332,695,154902622
1353,675,154902631
1380,613,154902642
1380,620,154902654
1381,594,154902665
1383,580,154902675
1390,542,154902686
1395,517,154902698
1398,500,154902709
1405,428,154902720
1416,380,154902732
1420,359,154902742
1425,356,154902759
1424,358,154902765
1425,356,154902776
1427,360,154902788
1423,357,154902798
1109,196,154902809
968,164,154902820
954,157,154902832
938,153,154902842
919,145,154902854
893,132,154902866
878,124,154902875
881,92,154902887
859,80,154902899
853,63,154902909
853,69,154902922
849,63,154902932
849,61,154902942
848,60,154902954
847,58,154902965
818,72,154902976
820,84,154902987
769,86,154903000
748,88,154903008
709,91,154903021
673,95,154903032
654,97,154903042
583,100,154903054
537,99,154903065
491,99,154903075
490,98,154903101
488,94,154903105
486,91,154903109
482,75,154903120
472,59,154903132
471,57,154903142
464,52,154903154
452,42,154903167
451,41,154903175
457,45,154903187
457,46,154903198
430,52,154903210
398,53,154903220
364,54,154903232
355,53,154903241
332,53,154903254
330,50,154903266
329,49,154903275
327,50,154903287
329,51,154903298
329,51,154903308
326,61,154903320
328,63,154903332
328,63,154903342
328,62,154903358
325,63,154903365
325,64,154903375
322,62,154903387
322,62,154903398
323,62,154903409
323,64,154903425
325,68,154903431
359,78,154903441
333,78,154903454
371,84,154903469
387,86,154903478
451,100,154903488
466,104,154903498
470,105,154903508
491,109,154903521
491,107,154903531
496,104,154903542
502,87,154903555
504,89,154903565
505,90,154903575
507,96,154903587
507,110,154903598
507,110,154903608
507,114,154903620
508,118,154903631
508,123,154903642
508,123,154903653
519,131,154903665
628,188,154903675
712,231,154903688
996,364,154903699
1034,382,154903708
1078,401,154903722
1128,422,154903732
1165,438,154903741
1229,468,154903754
1186,453,154903765
1378,542,154903779
1379,540,154903787
1374,534,154903798
1378,533,154903808
1383,536,154903820
1384,531,154903831
1385,531,154903841
1385,531,154903854
1385,533,154903867
1385,532,154903874
1384,529,154903886
1379,527,154903898
1380,528,154903908
1379,526,154903925
1380,525,154903931
1358,510,154903941
1355,500,154903953
1316,516,154903964
1310,517,154903974
1302,518,154903986
1270,512,154903998
1267,512,154904008
1254,509,154904020
1264,507,154904031
1248,512,154904041
1248,516,154904053
1247,516,154904064
1244,518,154904083
1220,532,154904089
1217,537,154904097
1245,577,154904107
